<addon id="plugin.video.Moi" version="2.0.0" name="Moi Stream" provider-name="Moi">
    <extension point="xbmc.python.pluginsource" library="Moi.py">
        <provides>video</provides>
    </extension>
    <requires>
        <import addon="xbmc.python" version="3.0.0"/>
    </requires>
    <extension point="xbmc.addon.metadata">
        <summary>Cadenas en AceStream</summary>
        <description>Este addon solo almacena enlaces ya existentes online, no se hace responsable de su difusión ni de su reproducción. Ningún material listado es propio de este addon.</description>
        <platform>all</platform>
        <assets><icon>icon.png</icon></assets> </extension>
</addon>