<?xml version="1.0" encoding="UTF-8" standalone="yes"?>
<addon id="plugin.video.MoiStream" version="1.0" name="Canales Ace-stream" provider-name="Moi">
    <extension point="xbmc.python.pluginsource" library="moi.py">
        <provides>video</provides>
    </extension>
    <requires>
        <import addon="xbmc.python" version="3.0.0"/>
    </requires>
    <extension point="xbmc.addon.metadata">
        <summary>Lista de canales AceStream</summary>
        <description>Este addon solo almacena enlaces ya existentes online, no se hace responsable de su difusión ni de su reproducción. Ningún material listado es propio de este addon.</description>
        <platform>all</platform>
        <assets><icon>icon.png</icon></assets> </extension>
</addon>