<addon id="plugin.video.Moi" name="Acestream Mo" version="1.1.0" provider-name="Moi">
<extension point="xbmc.addon.repository" name="Repository AC">
<dir>
<info compressed="false">https://raw.githubusercontent.com/moi1301/Moi/master/repo/zips/addons.xml</info>
<checksum>https://raw.githubusercontent.com/moi1301/Moi/master/repo/zips/addons.xml.md5</checksum>
<datadir zip="true">https://raw.githubusercontent.com/moi1301/Moi/master/repo/zips/</datadir>
</dir>
</extension>
<extension point="xbmc.addon.metadata">
<summary>Acestream Channels</summary>
<description>Un plugin sencillo para reproducir canales mediante enlaces AceStream. INFO: Este addon solo almacena enlaces ya existentes online, no se hace responsable de su difusión ni de su reproducción. Ningún material listado es propio de este addon.</description>
<disclaimer/>
<platform>all</platform>
<assets>
<icon>icon.png</icon>
<fanart>fanart.jpg</fanart>
</assets>
</extension>
</addon>