<?xml version="1.0" encoding="UTF-8" standalone="yes"?>
<addon id="plugin.video.Moi" version="2.0" name="Moi Stream" provider-name="Moi">
    <extension point="xbmc.addon.repository" name="Moi.py">
        <dir>
            <info compressed="false">https://raw.githubusercontent.com/Moi/moi1301/master/repo/zips/addons.xml</info>
            <checksum>https://raw.githubusercontent.com/Moi/moi1301/master/repo/zips/addons.xml.md5</checksum>
            <datadir zip="true">https://raw.githubusercontent.com/Moi/moi1301//master/repo/zips/</datadir>
        </dir>
    </extension>
    <extension point="xbmc.addon.metadata">
        <summary>Canales para Acestream</summary>
        <description>Este addon solo almacena enlaces ya existentes online, no se hace responsable de su difusión ni de su reproducción. Ningún material listado es propio de este addon.</description>
        <disclaimer></disclaimer>
        <platform>all</platform>
        <assets>
            <icon>icon.png</icon>
            <fanart>fanart.jpg</fanart>
        </assets>
    </extension>
</addon>